match_id,date,matchday,home_team,away_team,home_goals,away_goals,winner,status,season
544214,2025-08-15 17:00:00+00:00,1,Girona,Rayo Vallecano,1.0,3.0,AWAY_TEAM,FINISHED,2025-2026
544220,2025-08-15 19:30:00+00:00,1,Villarreal,Real Oviedo,2.0,0.0,HOME_TEAM,FINISHED,2025-2026
544216,2025-08-16 17:30:00+00:00,1,Mallorca,Barça,0.0,3.0,AWAY_TEAM,FINISHED,2025-2026
544211,2025-08-16 19:30:00+00:00,1,Alavés,Levante,2.0,1.0,HOME_TEAM,FINISHED,2025-2026
544219,2025-08-16 19:30:00+00:00,1,Valencia,Real Sociedad,1.0,1.0,DRAW,FINISHED,2025-2026
544213,2025-08-17 15:00:00+00:00,1,Celta,Getafe,0.0,2.0,AWAY_TEAM,FINISHED,2025-2026
544212,2025-08-17 17:30:00+00:00,1,Athletic,Sevilla FC,3.0,2.0,HOME_TEAM,FINISHED,2025-2026
544215,2025-08-17 19:30:00+00:00,1,Espanyol,Atleti,2.0,1.0,HOME_TEAM,FINISHED,2025-2026
544217,2025-08-18 19:00:00+00:00,1,Elche,Real Betis,1.0,1.0,DRAW,FINISHED,2025-2026
544218,2025-08-19 19:00:00+00:00,1,Real Madrid,Osasuna,1.0,0.0,HOME_TEAM,FINISHED,2025-2026
544225,2025-08-22 19:30:00+00:00,2,Real Betis,Alavés,1.0,0.0,HOME_TEAM,FINISHED,2025-2026
544227,2025-08-23 15:00:00+00:00,2,Mallorca,Celta,1.0,1.0,DRAW,FINISHED,2025-2026
544222,2025-08-23 17:30:00+00:00,2,Atleti,Elche,1.0,1.0,DRAW,FINISHED,2025-2026
544226,2025-08-23 19:30:00+00:00,2,Levante,Barça,2.0,3.0,AWAY_TEAM,FINISHED,2025-2026
544223,2025-08-24 15:00:00+00:00,2,Osasuna,Valencia,1.0,0.0,HOME_TEAM,FINISHED,2025-2026
544228,2025-08-24 17:30:00+00:00,2,Real Sociedad,Espanyol,2.0,2.0,DRAW,FINISHED,2025-2026
544230,2025-08-24 17:30:00+00:00,2,Villarreal,Girona,5.0,0.0,HOME_TEAM,FINISHED,2025-2026
544224,2025-08-24 19:30:00+00:00,2,Real Oviedo,Real Madrid,0.0,3.0,AWAY_TEAM,FINISHED,2025-2026
544221,2025-08-25 17:30:00+00:00,2,Athletic,Rayo Vallecano,1.0,0.0,HOME_TEAM,FINISHED,2025-2026
544229,2025-08-25 19:30:00+00:00,2,Sevilla FC,Getafe,1.0,2.0,AWAY_TEAM,FINISHED,2025-2026
544268,2025-08-27 19:00:00+00:00,6,Celta,Real Betis,1.0,1.0,DRAW,FINISHED,2025-2026
544233,2025-08-29 17:30:00+00:00,3,Elche,Levante,2.0,0.0,HOME_TEAM,FINISHED,2025-2026
544239,2025-08-29 19:30:00+00:00,3,Valencia,Getafe,3.0,0.0,HOME_TEAM,FINISHED,2025-2026
544231,2025-08-30 15:00:00+00:00,3,Alavés,Atleti,1.0,1.0,DRAW,FINISHED,2025-2026
544236,2025-08-30 17:00:00+00:00,3,Real Oviedo,Real Sociedad,1.0,0.0,HOME_TEAM,FINISHED,2025-2026
544235,2025-08-30 17:30:00+00:00,3,Girona,Sevilla FC,0.0,2.0,AWAY_TEAM,FINISHED,2025-2026
544240,2025-08-30 19:30:00+00:00,3,Real Madrid,Mallorca,2.0,1.0,HOME_TEAM,FINISHED,2025-2026
544232,2025-08-31 15:00:00+00:00,3,Celta,Villarreal,1.0,1.0,DRAW,FINISHED,2025-2026
544237,2025-08-31 17:00:00+00:00,3,Real Betis,Athletic,1.0,2.0,AWAY_TEAM,FINISHED,2025-2026
544234,2025-08-31 17:30:00+00:00,3,Espanyol,Osasuna,1.0,0.0,HOME_TEAM,FINISHED,2025-2026
544238,2025-08-31 19:30:00+00:00,3,Rayo Vallecano,Barça,1.0,1.0,DRAW,FINISHED,2025-2026
544249,2025-09-12 19:00:00+00:00,4,Sevilla FC,Elche,2.0,2.0,DRAW,FINISHED,2025-2026
544245,2025-09-13 12:00:00+00:00,4,Getafe,Real Oviedo,2.0,0.0,HOME_TEAM,FINISHED,2025-2026
544250,2025-09-13 14:15:00+00:00,4,Real Sociedad,Real Madrid,1.0,2.0,AWAY_TEAM,FINISHED,2025-2026
544247,2025-09-13 16:30:00+00:00,4,Athletic,Alavés,0.0,1.0,AWAY_TEAM,FINISHED,2025-2026
544241,2025-09-13 19:00:00+00:00,4,Atleti,Villarreal,2.0,0.0,HOME_TEAM,FINISHED,2025-2026
544243,2025-09-14 12:00:00+00:00,4,Celta,Girona,1.0,1.0,DRAW,FINISHED,2025-2026
544248,2025-09-14 14:15:00+00:00,4,Levante,Real Betis,2.0,2.0,DRAW,FINISHED,2025-2026
544246,2025-09-14 16:30:00+00:00,4,Osasuna,Rayo Vallecano,2.0,0.0,HOME_TEAM,FINISHED,2025-2026
544242,2025-09-14 19:00:00+00:00,4,Barça,Valencia,6.0,0.0,HOME_TEAM,FINISHED,2025-2026
544244,2025-09-15 19:00:00+00:00,4,Espanyol,Mallorca,3.0,2.0,HOME_TEAM,FINISHED,2025-2026
544253,2025-09-19 19:00:00+00:00,5,Real Betis,Real Sociedad,3.0,1.0,HOME_TEAM,FINISHED,2025-2026
544255,2025-09-20 12:00:00+00:00,5,Girona,Levante,0.0,4.0,AWAY_TEAM,FINISHED,2025-2026
544259,2025-09-20 14:15:00+00:00,5,Real Madrid,Espanyol,2.0,0.0,HOME_TEAM,FINISHED,2025-2026
544260,2025-09-20 16:30:00+00:00,5,Villarreal,Osasuna,2.0,1.0,HOME_TEAM,FINISHED,2025-2026
544251,2025-09-20 16:30:00+00:00,5,Alavés,Sevilla FC,1.0,2.0,AWAY_TEAM,FINISHED,2025-2026
544256,2025-09-20 19:00:00+00:00,5,Valencia,Athletic,2.0,0.0,HOME_TEAM,FINISHED,2025-2026
544258,2025-09-21 12:00:00+00:00,5,Rayo Vallecano,Celta,1.0,1.0,DRAW,FINISHED,2025-2026
544257,2025-09-21 14:15:00+00:00,5,Mallorca,Atleti,1.0,1.0,DRAW,FINISHED,2025-2026
544254,2025-09-21 16:30:00+00:00,5,Elche,Real Oviedo,1.0,0.0,HOME_TEAM,FINISHED,2025-2026
544252,2025-09-21 19:00:00+00:00,5,Barça,Getafe,3.0,0.0,HOME_TEAM,FINISHED,2025-2026
544261,2025-09-23 17:00:00+00:00,6,Athletic,Girona,1.0,1.0,DRAW,FINISHED,2025-2026
544263,2025-09-23 17:00:00+00:00,6,Espanyol,Valencia,2.0,2.0,DRAW,FINISHED,2025-2026
544264,2025-09-23 19:30:00+00:00,6,Levante,Real Madrid,1.0,4.0,AWAY_TEAM,FINISHED,2025-2026
544265,2025-09-23 19:30:00+00:00,6,Sevilla FC,Villarreal,1.0,2.0,AWAY_TEAM,FINISHED,2025-2026
544266,2025-09-24 17:00:00+00:00,6,Getafe,Alavés,1.0,1.0,DRAW,FINISHED,2025-2026
544262,2025-09-24 19:30:00+00:00,6,Atleti,Rayo Vallecano,3.0,2.0,HOME_TEAM,FINISHED,2025-2026
544270,2025-09-24 19:30:00+00:00,6,Real Sociedad,Mallorca,1.0,0.0,HOME_TEAM,FINISHED,2025-2026
544269,2025-09-25 17:30:00+00:00,6,Osasuna,Elche,1.0,1.0,DRAW,FINISHED,2025-2026
544267,2025-09-25 19:30:00+00:00,6,Real Oviedo,Barça,1.0,3.0,AWAY_TEAM,FINISHED,2025-2026
544279,2025-09-26 19:00:00+00:00,7,Girona,Espanyol,0.0,0.0,DRAW,FINISHED,2025-2026
544274,2025-09-27 12:00:00+00:00,7,Getafe,Levante,1.0,1.0,DRAW,FINISHED,2025-2026
544271,2025-09-27 14:15:00+00:00,7,Atleti,Real Madrid,5.0,2.0,HOME_TEAM,FINISHED,2025-2026
544276,2025-09-27 16:30:00+00:00,7,Mallorca,Alavés,1.0,0.0,HOME_TEAM,FINISHED,2025-2026
544277,2025-09-27 19:00:00+00:00,7,Villarreal,Athletic,1.0,0.0,HOME_TEAM,FINISHED,2025-2026
544275,2025-09-28 12:00:00+00:00,7,Rayo Vallecano,Sevilla FC,0.0,1.0,AWAY_TEAM,FINISHED,2025-2026
544278,2025-09-28 14:15:00+00:00,7,Elche,Celta,2.0,1.0,HOME_TEAM,FINISHED,2025-2026
544272,2025-09-28 16:30:00+00:00,7,Barça,Real Sociedad,2.0,1.0,HOME_TEAM,FINISHED,2025-2026
544273,2025-09-28 19:00:00+00:00,7,Real Betis,Osasuna,2.0,0.0,HOME_TEAM,FINISHED,2025-2026
544280,2025-09-30 18:00:00+00:00,7,Valencia,Real Oviedo,1.0,2.0,AWAY_TEAM,FINISHED,2025-2026
544288,2025-10-03 19:00:00+00:00,8,Osasuna,Getafe,2.0,1.0,HOME_TEAM,FINISHED,2025-2026
544289,2025-10-04 12:00:00+00:00,8,Real Oviedo,Levante,0.0,2.0,AWAY_TEAM,FINISHED,2025-2026
544283,2025-10-04 14:15:00+00:00,8,Girona,Valencia,2.0,1.0,HOME_TEAM,FINISHED,2025-2026
544282,2025-10-04 16:30:00+00:00,8,Athletic,Mallorca,2.0,1.0,HOME_TEAM,FINISHED,2025-2026
544284,2025-10-04 19:00:00+00:00,8,Real Madrid,Villarreal,3.0,1.0,HOME_TEAM,FINISHED,2025-2026
544281,2025-10-05 12:00:00+00:00,8,Alavés,Elche,3.0,1.0,HOME_TEAM,FINISHED,2025-2026
544286,2025-10-05 14:15:00+00:00,8,Sevilla FC,Barça,4.0,1.0,HOME_TEAM,FINISHED,2025-2026
544287,2025-10-05 16:30:00+00:00,8,Espanyol,Real Betis,1.0,2.0,AWAY_TEAM,FINISHED,2025-2026
544290,2025-10-05 16:30:00+00:00,8,Real Sociedad,Rayo Vallecano,0.0,1.0,AWAY_TEAM,FINISHED,2025-2026
544285,2025-10-05 19:00:00+00:00,8,Celta,Atleti,1.0,1.0,DRAW,FINISHED,2025-2026
544299,2025-10-17 19:00:00+00:00,9,Real Oviedo,Espanyol,0.0,2.0,AWAY_TEAM,FINISHED,2025-2026
544300,2025-10-18 12:00:00+00:00,9,Sevilla FC,Mallorca,1.0,3.0,AWAY_TEAM,FINISHED,2025-2026
544293,2025-10-18 14:15:00+00:00,9,Barça,Girona,2.0,1.0,HOME_TEAM,FINISHED,2025-2026
544298,2025-10-18 16:30:00+00:00,9,Villarreal,Real Betis,2.0,2.0,DRAW,FINISHED,2025-2026
544292,2025-10-18 19:00:00+00:00,9,Atleti,Osasuna,1.0,0.0,HOME_TEAM,FINISHED,2025-2026
544297,2025-10-19 12:00:00+00:00,9,Elche,Athletic,0.0,0.0,DRAW,FINISHED,2025-2026
544294,2025-10-19 14:15:00+00:00,9,Celta,Real Sociedad,1.0,1.0,DRAW,FINISHED,2025-2026
544296,2025-10-19 16:30:00+00:00,9,Levante,Rayo Vallecano,0.0,3.0,AWAY_TEAM,FINISHED,2025-2026
544295,2025-10-19 19:00:00+00:00,9,Getafe,Real Madrid,0.0,1.0,AWAY_TEAM,FINISHED,2025-2026
544291,2025-10-20 19:00:00+00:00,9,Alavés,Valencia,0.0,0.0,DRAW,FINISHED,2025-2026
544303,2025-10-24 19:00:00+00:00,10,Real Sociedad,Sevilla FC,2.0,1.0,HOME_TEAM,FINISHED,2025-2026
544302,2025-10-25 12:00:00+00:00,10,Girona,Real Oviedo,3.0,3.0,DRAW,FINISHED,2025-2026
544309,2025-10-25 14:15:00+00:00,10,Espanyol,Elche,1.0,0.0,HOME_TEAM,FINISHED,2025-2026
544301,2025-10-25 16:30:00+00:00,10,Athletic,Getafe,0.0,1.0,AWAY_TEAM,FINISHED,2025-2026
544304,2025-10-25 19:00:00+00:00,10,Valencia,Villarreal,0.0,2.0,AWAY_TEAM,FINISHED,2025-2026
544310,2025-10-26 13:00:00+00:00,10,Mallorca,Levante,1.0,1.0,DRAW,FINISHED,2025-2026
544307,2025-10-26 15:15:00+00:00,10,Real Madrid,Barça,2.0,1.0,HOME_TEAM,FINISHED,2025-2026
544308,2025-10-26 17:30:00+00:00,10,Osasuna,Celta,2.0,3.0,AWAY_TEAM,FINISHED,2025-2026
544305,2025-10-26 20:00:00+00:00,10,Rayo Vallecano,Alavés,1.0,0.0,HOME_TEAM,FINISHED,2025-2026
544306,2025-10-27 20:00:00+00:00,10,Real Betis,Atleti,0.0,2.0,AWAY_TEAM,FINISHED,2025-2026
544315,2025-10-31 20:00:00+00:00,11,Getafe,Girona,2.0,1.0,HOME_TEAM,FINISHED,2025-2026
544320,2025-11-01 13:00:00+00:00,11,Villarreal,Rayo Vallecano,4.0,0.0,HOME_TEAM,FINISHED,2025-2026
544312,2025-11-01 15:15:00+00:00,11,Atleti,Sevilla FC,3.0,0.0,HOME_TEAM,FINISHED,2025-2026
544317,2025-11-01 17:30:00+00:00,11,Real Sociedad,Athletic,3.0,2.0,HOME_TEAM,FINISHED,2025-2026
544316,2025-11-01 20:00:00+00:00,11,Real Madrid,Valencia,4.0,0.0,HOME_TEAM,FINISHED,2025-2026
544318,2025-11-02 13:00:00+00:00,11,Levante,Celta,1.0,2.0,AWAY_TEAM,FINISHED,2025-2026
544311,2025-11-02 15:15:00+00:00,11,Alavés,Espanyol,2.0,1.0,HOME_TEAM,FINISHED,2025-2026
544313,2025-11-02 17:30:00+00:00,11,Barça,Elche,3.0,1.0,HOME_TEAM,FINISHED,2025-2026
544314,2025-11-02 20:00:00+00:00,11,Real Betis,Mallorca,3.0,0.0,HOME_TEAM,FINISHED,2025-2026
544319,2025-11-03 20:00:00+00:00,11,Real Oviedo,Osasuna,0.0,0.0,DRAW,FINISHED,2025-2026
544323,2025-11-07 20:00:00+00:00,12,Elche,Real Sociedad,1.0,1.0,DRAW,FINISHED,2025-2026
544326,2025-11-08 13:00:00+00:00,12,Girona,Alavés,1.0,0.0,HOME_TEAM,FINISHED,2025-2026
544330,2025-11-08 15:15:00+00:00,12,Sevilla FC,Osasuna,1.0,0.0,HOME_TEAM,FINISHED,2025-2026
544322,2025-11-08 17:30:00+00:00,12,Atleti,Levante,3.0,1.0,HOME_TEAM,FINISHED,2025-2026
544324,2025-11-08 20:00:00+00:00,12,Espanyol,Villarreal,0.0,2.0,AWAY_TEAM,FINISHED,2025-2026
544321,2025-11-09 13:00:00+00:00,12,Athletic,Real Oviedo,1.0,0.0,HOME_TEAM,FINISHED,2025-2026
544325,2025-11-09 15:15:00+00:00,12,Rayo Vallecano,Real Madrid,0.0,0.0,DRAW,FINISHED,2025-2026
544328,2025-11-09 17:30:00+00:00,12,Valencia,Real Betis,1.0,1.0,DRAW,FINISHED,2025-2026
544329,2025-11-09 17:30:00+00:00,12,Mallorca,Getafe,1.0,0.0,HOME_TEAM,FINISHED,2025-2026
544327,2025-11-09 20:00:00+00:00,12,Celta,Barça,2.0,4.0,AWAY_TEAM,FINISHED,2025-2026
544339,2025-11-21 20:00:00+00:00,13,Valencia,Levante,1.0,0.0,HOME_TEAM,FINISHED,2025-2026
544331,2025-11-22 13:00:00+00:00,13,Alavés,Celta,0.0,1.0,AWAY_TEAM,FINISHED,2025-2026
544337,2025-11-22 15:15:00+00:00,13,Barça,Athletic,4.0,0.0,HOME_TEAM,FINISHED,2025-2026
544335,2025-11-22 17:30:00+00:00,13,Osasuna,Real Sociedad,1.0,3.0,AWAY_TEAM,FINISHED,2025-2026
544340,2025-11-22 20:00:00+00:00,13,Villarreal,Mallorca,2.0,1.0,HOME_TEAM,FINISHED,2025-2026
544336,2025-11-23 13:00:00+00:00,13,Real Oviedo,Rayo Vallecano,0.0,0.0,DRAW,FINISHED,2025-2026
544332,2025-11-23 15:15:00+00:00,13,Real Betis,Girona,1.0,1.0,DRAW,FINISHED,2025-2026
544338,2025-11-23 17:30:00+00:00,13,Getafe,Atleti,0.0,1.0,AWAY_TEAM,FINISHED,2025-2026
544333,2025-11-23 20:00:00+00:00,13,Elche,Real Madrid,2.0,2.0,DRAW,FINISHED,2025-2026
544334,2025-11-24 20:00:00+00:00,13,Espanyol,Sevilla FC,2.0,1.0,HOME_TEAM,FINISHED,2025-2026
544350,2025-11-28 20:00:00+00:00,14,Getafe,Elche,1.0,0.0,HOME_TEAM,FINISHED,2025-2026
544344,2025-11-29 13:00:00+00:00,14,Mallorca,Osasuna,2.0,2.0,DRAW,FINISHED,2025-2026
544347,2025-11-29 15:15:00+00:00,14,Barça,Alavés,3.0,1.0,HOME_TEAM,FINISHED,2025-2026
544348,2025-11-29 17:30:00+00:00,14,Levante,Athletic,0.0,2.0,AWAY_TEAM,FINISHED,2025-2026
544341,2025-11-29 20:00:00+00:00,14,Atleti,Real Oviedo,2.0,0.0,HOME_TEAM,FINISHED,2025-2026
544346,2025-11-30 13:00:00+00:00,14,Real Sociedad,Villarreal,2.0,3.0,AWAY_TEAM,FINISHED,2025-2026
544349,2025-11-30 15:15:00+00:00,14,Sevilla FC,Real Betis,0.0,2.0,AWAY_TEAM,FINISHED,2025-2026
544342,2025-11-30 17:30:00+00:00,14,Celta,Espanyol,0.0,1.0,AWAY_TEAM,FINISHED,2025-2026
544343,2025-11-30 20:00:00+00:00,14,Girona,Real Madrid,1.0,1.0,DRAW,FINISHED,2025-2026
544345,2025-12-01 20:00:00+00:00,14,Rayo Vallecano,Valencia,1.0,1.0,DRAW,FINISHED,2025-2026
544395,2025-12-02 20:00:00+00:00,19,Barça,Atleti,3.0,1.0,HOME_TEAM,FINISHED,2025-2026
544391,2025-12-03 18:00:00+00:00,19,Athletic,Real Madrid,0.0,3.0,AWAY_TEAM,FINISHED,2025-2026
544359,2025-12-05 20:00:00+00:00,15,Real Oviedo,Mallorca,0.0,0.0,DRAW,FINISHED,2025-2026
544357,2025-12-06 13:00:00+00:00,15,Villarreal,Getafe,2.0,0.0,HOME_TEAM,FINISHED,2025-2026
544351,2025-12-06 15:15:00+00:00,15,Alavés,Real Sociedad,1.0,0.0,HOME_TEAM,FINISHED,2025-2026
544355,2025-12-06 17:30:00+00:00,15,Real Betis,Barça,3.0,5.0,AWAY_TEAM,FINISHED,2025-2026
544352,2025-12-06 20:00:00+00:00,15,Athletic,Atleti,1.0,0.0,HOME_TEAM,FINISHED,2025-2026
544353,2025-12-07 13:00:00+00:00,15,Elche,Girona,3.0,0.0,HOME_TEAM,FINISHED,2025-2026
544360,2025-12-07 15:15:00+00:00,15,Valencia,Sevilla FC,1.0,1.0,DRAW,FINISHED,2025-2026
544354,2025-12-07 17:30:00+00:00,15,Espanyol,Rayo Vallecano,1.0,0.0,HOME_TEAM,FINISHED,2025-2026
544356,2025-12-07 20:00:00+00:00,15,Real Madrid,Celta,0.0,2.0,AWAY_TEAM,FINISHED,2025-2026
544358,2025-12-08 20:00:00+00:00,15,Osasuna,Levante,2.0,0.0,HOME_TEAM,FINISHED,2025-2026
544369,2025-12-12 20:00:00+00:00,16,Real Sociedad,Girona,1.0,2.0,AWAY_TEAM,FINISHED,2025-2026
544362,2025-12-13 13:00:00+00:00,16,Atleti,Valencia,2.0,1.0,HOME_TEAM,FINISHED,2025-2026
544367,2025-12-13 15:15:00+00:00,16,Mallorca,Elche,3.0,1.0,HOME_TEAM,FINISHED,2025-2026
544363,2025-12-13 17:30:00+00:00,16,Barça,Osasuna,2.0,0.0,HOME_TEAM,FINISHED,2025-2026
544368,2025-12-13 20:00:00+00:00,16,Getafe,Espanyol,0.0,1.0,AWAY_TEAM,FINISHED,2025-2026
544370,2025-12-14 13:00:00+00:00,16,Sevilla FC,Real Oviedo,4.0,0.0,HOME_TEAM,FINISHED,2025-2026
544365,2025-12-14 15:15:00+00:00,16,Celta,Athletic,2.0,0.0,HOME_TEAM,FINISHED,2025-2026
544361,2025-12-14 20:00:00+00:00,16,Alavés,Real Madrid,1.0,2.0,AWAY_TEAM,FINISHED,2025-2026
544366,2025-12-15 20:00:00+00:00,16,Rayo Vallecano,Real Betis,0.0,0.0,DRAW,FINISHED,2025-2026
544380,2025-12-19 20:00:00+00:00,17,Valencia,Mallorca,1.0,1.0,DRAW,FINISHED,2025-2026
544379,2025-12-20 13:00:00+00:00,17,Real Oviedo,Celta,0.0,0.0,DRAW,FINISHED,2025-2026
544374,2025-12-20 15:15:00+00:00,17,Levante,Real Sociedad,1.0,1.0,DRAW,FINISHED,2025-2026
544376,2025-12-20 17:30:00+00:00,17,Osasuna,Alavés,3.0,0.0,HOME_TEAM,FINISHED,2025-2026
544375,2025-12-20 20:00:00+00:00,17,Real Madrid,Sevilla FC,2.0,0.0,HOME_TEAM,FINISHED,2025-2026
544377,2025-12-21 13:00:00+00:00,17,Girona,Atleti,0.0,3.0,AWAY_TEAM,FINISHED,2025-2026
544378,2025-12-21 15:15:00+00:00,17,Villarreal,Barça,0.0,2.0,AWAY_TEAM,FINISHED,2025-2026
544373,2025-12-21 17:30:00+00:00,17,Elche,Rayo Vallecano,4.0,0.0,HOME_TEAM,FINISHED,2025-2026
544372,2025-12-21 20:00:00+00:00,17,Real Betis,Getafe,4.0,0.0,HOME_TEAM,FINISHED,2025-2026
544371,2025-12-22 20:00:00+00:00,17,Athletic,Espanyol,1.0,2.0,AWAY_TEAM,FINISHED,2025-2026
544388,2026-01-02 20:00:00+00:00,18,Rayo Vallecano,Getafe,1.0,1.0,DRAW,FINISHED,2025-2026
544382,2026-01-03 13:00:00+00:00,18,Celta,Valencia,4.0,1.0,HOME_TEAM,FINISHED,2025-2026
544384,2026-01-03 15:15:00+00:00,18,Osasuna,Athletic,1.0,1.0,DRAW,FINISHED,2025-2026
544383,2026-01-03 17:30:00+00:00,18,Elche,Villarreal,1.0,3.0,AWAY_TEAM,FINISHED,2025-2026
544386,2026-01-03 20:00:00+00:00,18,Espanyol,Barça,0.0,2.0,AWAY_TEAM,FINISHED,2025-2026
544390,2026-01-04 13:00:00+00:00,18,Sevilla FC,Levante,0.0,3.0,AWAY_TEAM,FINISHED,2025-2026
544387,2026-01-04 15:15:00+00:00,18,Real Madrid,Real Betis,5.0,1.0,HOME_TEAM,FINISHED,2025-2026
544381,2026-01-04 17:30:00+00:00,18,Alavés,Real Oviedo,1.0,1.0,DRAW,FINISHED,2025-2026
544389,2026-01-04 17:30:00+00:00,18,Mallorca,Girona,1.0,2.0,AWAY_TEAM,FINISHED,2025-2026
544385,2026-01-04 20:00:00+00:00,18,Real Sociedad,Atleti,1.0,1.0,DRAW,FINISHED,2025-2026
544392,2026-01-09 20:00:00+00:00,19,Getafe,Real Sociedad,1.0,2.0,AWAY_TEAM,FINISHED,2025-2026
544396,2026-01-10 13:00:00+00:00,19,Real Oviedo,Real Betis,1.0,1.0,DRAW,FINISHED,2025-2026
544394,2026-01-10 15:15:00+00:00,19,Villarreal,Alavés,3.0,1.0,HOME_TEAM,FINISHED,2025-2026
544393,2026-01-10 17:30:00+00:00,19,Girona,Osasuna,1.0,0.0,HOME_TEAM,FINISHED,2025-2026
544398,2026-01-10 20:00:00+00:00,19,Valencia,Elche,1.0,1.0,DRAW,FINISHED,2025-2026
544400,2026-01-11 13:00:00+00:00,19,Rayo Vallecano,Mallorca,2.0,1.0,HOME_TEAM,FINISHED,2025-2026
544399,2026-01-11 15:15:00+00:00,19,Levante,Espanyol,1.0,1.0,DRAW,FINISHED,2025-2026
544397,2026-01-12 20:00:00+00:00,19,Sevilla FC,Celta,0.0,1.0,AWAY_TEAM,FINISHED,2025-2026
544404,2026-01-16 20:00:00+00:00,20,Espanyol,Girona,0.0,2.0,AWAY_TEAM,FINISHED,2025-2026
544410,2026-01-17 13:00:00+00:00,20,Real Madrid,Levante,2.0,0.0,HOME_TEAM,FINISHED,2025-2026
544408,2026-01-17 15:15:00+00:00,20,Mallorca,Athletic,3.0,2.0,HOME_TEAM,FINISHED,2025-2026
544406,2026-01-17 17:30:00+00:00,20,Osasuna,Real Oviedo,3.0,2.0,HOME_TEAM,FINISHED,2025-2026
544401,2026-01-17 20:00:00+00:00,20,Real Betis,Villarreal,2.0,0.0,HOME_TEAM,FINISHED,2025-2026
544405,2026-01-18 13:00:00+00:00,20,Getafe,Valencia,0.0,1.0,AWAY_TEAM,FINISHED,2025-2026
544407,2026-01-18 15:15:00+00:00,20,Atleti,Alavés,1.0,0.0,HOME_TEAM,FINISHED,2025-2026
544402,2026-01-18 17:30:00+00:00,20,Celta,Rayo Vallecano,3.0,0.0,HOME_TEAM,FINISHED,2025-2026
544409,2026-01-18 20:00:00+00:00,20,Real Sociedad,Barça,2.0,1.0,HOME_TEAM,FINISHED,2025-2026
544403,2026-01-19 20:00:00+00:00,20,Elche,Sevilla FC,2.0,2.0,DRAW,FINISHED,2025-2026
544416,2026-01-23 20:00:00+00:00,21,Levante,Elche,3.0,2.0,HOME_TEAM,FINISHED,2025-2026
544419,2026-01-24 13:00:00+00:00,21,Rayo Vallecano,Osasuna,1.0,3.0,AWAY_TEAM,FINISHED,2025-2026
544417,2026-01-24 15:15:00+00:00,21,Valencia,Espanyol,3.0,2.0,HOME_TEAM,FINISHED,2025-2026
544414,2026-01-24 17:30:00+00:00,21,Sevilla FC,Athletic,2.0,1.0,HOME_TEAM,FINISHED,2025-2026
544420,2026-01-24 20:00:00+00:00,21,Villarreal,Real Madrid,0.0,2.0,AWAY_TEAM,FINISHED,2025-2026
544412,2026-01-25 13:00:00+00:00,21,Atleti,Mallorca,3.0,0.0,HOME_TEAM,FINISHED,2025-2026
544413,2026-01-25 15:15:00+00:00,21,Barça,Real Oviedo,3.0,0.0,HOME_TEAM,FINISHED,2025-2026
544415,2026-01-25 17:30:00+00:00,21,Real Sociedad,Celta,3.0,1.0,HOME_TEAM,FINISHED,2025-2026
544411,2026-01-25 20:00:00+00:00,21,Alavés,Real Betis,2.0,1.0,HOME_TEAM,FINISHED,2025-2026
544418,2026-01-26 20:00:00+00:00,21,Girona,Getafe,1.0,1.0,DRAW,FINISHED,2025-2026
544425,2026-01-30 20:00:00+00:00,22,Espanyol,Alavés,1.0,2.0,AWAY_TEAM,FINISHED,2025-2026
544429,2026-01-31 13:00:00+00:00,22,Real Oviedo,Girona,1.0,0.0,HOME_TEAM,FINISHED,2025-2026
544424,2026-01-31 15:15:00+00:00,22,Osasuna,Villarreal,2.0,2.0,DRAW,FINISHED,2025-2026
544426,2026-01-31 17:30:00+00:00,22,Levante,Atleti,0.0,0.0,DRAW,FINISHED,2025-2026
544427,2026-01-31 20:00:00+00:00,22,Elche,Barça,1.0,3.0,AWAY_TEAM,FINISHED,2025-2026
544430,2026-02-01 13:00:00+00:00,22,Real Madrid,Rayo Vallecano,2.0,1.0,HOME_TEAM,FINISHED,2025-2026
544422,2026-02-01 15:15:00+00:00,22,Real Betis,Valencia,2.0,1.0,HOME_TEAM,FINISHED,2025-2026
544428,2026-02-01 17:30:00+00:00,22,Getafe,Celta,0.0,0.0,DRAW,FINISHED,2025-2026
544421,2026-02-01 20:00:00+00:00,22,Athletic,Real Sociedad,1.0,1.0,DRAW,FINISHED,2025-2026
544423,2026-02-02 20:00:00+00:00,22,Mallorca,Sevilla FC,4.0,1.0,HOME_TEAM,FINISHED,2025-2026
544435,2026-02-06 20:00:00+00:00,23,Celta,Osasuna,1.0,2.0,AWAY_TEAM,FINISHED,2025-2026
544434,2026-02-07 15:15:00+00:00,23,Barça,Mallorca,3.0,0.0,HOME_TEAM,FINISHED,2025-2026
544436,2026-02-07 20:00:00+00:00,23,Real Sociedad,Elche,3.0,1.0,HOME_TEAM,FINISHED,2025-2026
544431,2026-02-08 13:00:00+00:00,23,Alavés,Getafe,0.0,2.0,AWAY_TEAM,FINISHED,2025-2026
544432,2026-02-08 15:15:00+00:00,23,Athletic,Levante,4.0,2.0,HOME_TEAM,FINISHED,2025-2026
544438,2026-02-08 15:15:00+00:00,23,Sevilla FC,Girona,1.0,1.0,DRAW,FINISHED,2025-2026
544433,2026-02-08 17:30:00+00:00,23,Atleti,Real Betis,0.0,1.0,AWAY_TEAM,FINISHED,2025-2026
544439,2026-02-08 20:00:00+00:00,23,Valencia,Real Madrid,0.0,2.0,AWAY_TEAM,FINISHED,2025-2026
544437,2026-02-09 20:00:00+00:00,23,Villarreal,Espanyol,4.0,1.0,HOME_TEAM,FINISHED,2025-2026
544441,2026-02-13 20:00:00+00:00,24,Elche,Osasuna,0.0,0.0,DRAW,FINISHED,2025-2026
544450,2026-02-14 13:00:00+00:00,24,Espanyol,Celta,2.0,2.0,DRAW,FINISHED,2025-2026
544442,2026-02-14 15:15:00+00:00,24,Getafe,Villarreal,2.0,1.0,HOME_TEAM,FINISHED,2025-2026
544445,2026-02-14 17:30:00+00:00,24,Sevilla FC,Alavés,1.0,1.0,DRAW,FINISHED,2025-2026
544444,2026-02-14 20:00:00+00:00,24,Real Madrid,Real Sociedad,4.0,1.0,HOME_TEAM,FINISHED,2025-2026
544446,2026-02-15 13:00:00+00:00,24,Real Oviedo,Athletic,1.0,2.0,AWAY_TEAM,FINISHED,2025-2026
544447,2026-02-15 15:15:00+00:00,24,Rayo Vallecano,Atleti,3.0,0.0,HOME_TEAM,FINISHED,2025-2026
544443,2026-02-15 17:30:00+00:00,24,Levante,Valencia,0.0,2.0,AWAY_TEAM,FINISHED,2025-2026
544449,2026-02-15 20:00:00+00:00,24,Mallorca,Real Betis,1.0,2.0,AWAY_TEAM,FINISHED,2025-2026
544448,2026-02-16 20:00:00+00:00,24,Girona,Barça,2.0,1.0,HOME_TEAM,FINISHED,2025-2026
544364,2026-02-18 19:00:00+00:00,16,Levante,Villarreal,0.0,1.0,AWAY_TEAM,FINISHED,2025-2026
544452,2026-02-20 20:00:00+00:00,25,Athletic,Elche,2.0,1.0,HOME_TEAM,FINISHED,2025-2026
544460,2026-02-21 13:00:00+00:00,25,Real Sociedad,Real Oviedo,3.0,3.0,DRAW,FINISHED,2025-2026
544455,2026-02-21 15:15:00+00:00,25,Real Betis,Rayo Vallecano,1.0,1.0,DRAW,FINISHED,2025-2026
544458,2026-02-21 17:30:00+00:00,25,Osasuna,Real Madrid,2.0,1.0,HOME_TEAM,FINISHED,2025-2026
544453,2026-02-21 20:00:00+00:00,25,Atleti,Espanyol,4.0,2.0,HOME_TEAM,FINISHED,2025-2026
544457,2026-02-22 13:00:00+00:00,25,Getafe,Sevilla FC,0.0,1.0,AWAY_TEAM,FINISHED,2025-2026
544454,2026-02-22 15:15:00+00:00,25,Barça,Levante,3.0,0.0,HOME_TEAM,FINISHED,2025-2026
544456,2026-02-22 17:30:00+00:00,25,Celta,Mallorca,2.0,0.0,HOME_TEAM,FINISHED,2025-2026
544459,2026-02-22 20:00:00+00:00,25,Villarreal,Valencia,2.0,1.0,HOME_TEAM,FINISHED,2025-2026
544451,2026-02-23 20:00:00+00:00,25,Alavés,Girona,2.0,2.0,DRAW,FINISHED,2025-2026
544465,2026-02-27 20:00:00+00:00,26,Levante,Alavés,2.0,0.0,HOME_TEAM,FINISHED,2025-2026
544466,2026-02-28 13:00:00+00:00,26,Rayo Vallecano,Athletic,1.0,1.0,DRAW,FINISHED,2025-2026
544461,2026-02-28 15:15:00+00:00,26,Barça,Villarreal,4.0,1.0,HOME_TEAM,FINISHED,2025-2026
544464,2026-02-28 17:30:00+00:00,26,Mallorca,Real Sociedad,0.0,1.0,AWAY_TEAM,FINISHED,2025-2026
544467,2026-02-28 20:00:00+00:00,26,Real Oviedo,Atleti,0.0,1.0,AWAY_TEAM,FINISHED,2025-2026
544463,2026-03-01 13:00:00+00:00,26,Elche,Espanyol,2.0,2.0,DRAW,FINISHED,2025-2026
544470,2026-03-01 15:15:00+00:00,26,Valencia,Osasuna,1.0,0.0,HOME_TEAM,FINISHED,2025-2026
544462,2026-03-01 17:30:00+00:00,26,Real Betis,Sevilla FC,2.0,2.0,DRAW,FINISHED,2025-2026
544468,2026-03-01 20:00:00+00:00,26,Girona,Celta,1.0,2.0,AWAY_TEAM,FINISHED,2025-2026
544469,2026-03-02 20:00:00+00:00,26,Real Madrid,Getafe,0.0,1.0,AWAY_TEAM,FINISHED,2025-2026
544440,2026-03-04 18:00:00+00:00,23,Rayo Vallecano,Real Oviedo,3.0,0.0,HOME_TEAM,FINISHED,2025-2026
544473,2026-03-06 20:00:00+00:00,27,Celta,Real Madrid,1.0,2.0,AWAY_TEAM,FINISHED,2025-2026
544479,2026-03-07 13:00:00+00:00,27,Osasuna,Mallorca,2.0,2.0,DRAW,FINISHED,2025-2026
544478,2026-03-07 15:15:00+00:00,27,Levante,Girona,1.0,1.0,DRAW,FINISHED,2025-2026
544472,2026-03-07 17:30:00+00:00,27,Atleti,Real Sociedad,3.0,2.0,HOME_TEAM,FINISHED,2025-2026
544471,2026-03-07 20:00:00+00:00,27,Athletic,Barça,0.0,1.0,AWAY_TEAM,FINISHED,2025-2026
544477,2026-03-08 13:00:00+00:00,27,Villarreal,Elche,2.0,1.0,HOME_TEAM,FINISHED,2025-2026
544476,2026-03-08 15:15:00+00:00,27,Getafe,Real Betis,2.0,0.0,HOME_TEAM,FINISHED,2025-2026
544480,2026-03-08 17:30:00+00:00,27,Sevilla FC,Rayo Vallecano,1.0,1.0,DRAW,FINISHED,2025-2026
544475,2026-03-08 20:00:00+00:00,27,Valencia,Alavés,3.0,2.0,HOME_TEAM,FINISHED,2025-2026
544474,2026-03-09 20:00:00+00:00,27,Espanyol,Real Oviedo,1.0,1.0,DRAW,FINISHED,2025-2026
544481,2026-03-13 20:00:00+00:00,28,Alavés,Villarreal,1.0,1.0,DRAW,FINISHED,2025-2026
544486,2026-03-14 13:00:00+00:00,28,Girona,Athletic,3.0,0.0,HOME_TEAM,FINISHED,2025-2026
544482,2026-03-14 15:15:00+00:00,28,Atleti,Getafe,1.0,0.0,HOME_TEAM,FINISHED,2025-2026
544485,2026-03-14 17:30:00+00:00,28,Real Oviedo,Valencia,1.0,0.0,HOME_TEAM,FINISHED,2025-2026
544487,2026-03-14 20:00:00+00:00,28,Real Madrid,Elche,4.0,1.0,HOME_TEAM,FINISHED,2025-2026
544488,2026-03-15 13:00:00+00:00,28,Mallorca,Espanyol,2.0,1.0,HOME_TEAM,FINISHED,2025-2026
544483,2026-03-15 15:15:00+00:00,28,Barça,Sevilla FC,5.0,2.0,HOME_TEAM,FINISHED,2025-2026
544484,2026-03-15 17:30:00+00:00,28,Real Betis,Celta,1.0,1.0,DRAW,FINISHED,2025-2026
544490,2026-03-15 20:00:00+00:00,28,Real Sociedad,Osasuna,3.0,1.0,HOME_TEAM,FINISHED,2025-2026
544489,2026-03-16 20:00:00+00:00,28,Rayo Vallecano,Levante,1.0,1.0,DRAW,FINISHED,2025-2026
544500,2026-03-20 20:00:00+00:00,29,Villarreal,Real Sociedad,3.0,1.0,HOME_TEAM,FINISHED,2025-2026
544493,2026-03-21 13:00:00+00:00,29,Elche,Mallorca,2.0,1.0,HOME_TEAM,FINISHED,2025-2026
544494,2026-03-21 15:15:00+00:00,29,Espanyol,Getafe,1.0,2.0,AWAY_TEAM,FINISHED,2025-2026
544495,2026-03-21 17:30:00+00:00,29,Levante,Real Oviedo,4.0,2.0,HOME_TEAM,FINISHED,2025-2026
544499,2026-03-21 17:30:00+00:00,29,Osasuna,Girona,1.0,0.0,HOME_TEAM,FINISHED,2025-2026
544496,2026-03-21 20:00:00+00:00,29,Sevilla FC,Valencia,0.0,2.0,AWAY_TEAM,FINISHED,2025-2026
544492,2026-03-22 13:00:00+00:00,29,Barça,Rayo Vallecano,1.0,0.0,HOME_TEAM,FINISHED,2025-2026
544497,2026-03-22 15:15:00+00:00,29,Celta,Alavés,3.0,4.0,AWAY_TEAM,FINISHED,2025-2026
544491,2026-03-22 17:30:00+00:00,29,Athletic,Real Betis,2.0,1.0,HOME_TEAM,FINISHED,2025-2026
544498,2026-03-22 20:00:00+00:00,29,Real Madrid,Atleti,3.0,2.0,HOME_TEAM,FINISHED,2025-2026
544509,2026-04-03 19:00:00+00:00,30,Rayo Vallecano,Elche,1.0,0.0,HOME_TEAM,FINISHED,2025-2026
544510,2026-04-04 12:00:00+00:00,30,Real Sociedad,Levante,2.0,0.0,HOME_TEAM,FINISHED,2025-2026
544505,2026-04-04 14:15:00+00:00,30,Mallorca,Real Madrid,2.0,1.0,HOME_TEAM,FINISHED,2025-2026
544503,2026-04-04 16:30:00+00:00,30,Real Betis,Espanyol,0.0,0.0,DRAW,FINISHED,2025-2026
544502,2026-04-04 19:00:00+00:00,30,Atleti,Barça,1.0,2.0,AWAY_TEAM,FINISHED,2025-2026
544507,2026-04-05 12:00:00+00:00,30,Getafe,Athletic,2.0,0.0,HOME_TEAM,FINISHED,2025-2026
544508,2026-04-05 14:15:00+00:00,30,Valencia,Celta,2.0,3.0,AWAY_TEAM,FINISHED,2025-2026
544506,2026-04-05 16:30:00+00:00,30,Real Oviedo,Sevilla FC,1.0,0.0,HOME_TEAM,FINISHED,2025-2026
544501,2026-04-05 19:00:00+00:00,30,Alavés,Osasuna,2.0,2.0,DRAW,FINISHED,2025-2026
544504,2026-04-06 19:00:00+00:00,30,Girona,Villarreal,1.0,0.0,HOME_TEAM,FINISHED,2025-2026
544520,2026-04-10 19:00:00+00:00,31,Real Madrid,Girona,1.0,1.0,DRAW,FINISHED,2025-2026
544516,2026-04-11 12:00:00+00:00,31,Real Sociedad,Alavés,3.0,3.0,DRAW,FINISHED,2025-2026
544514,2026-04-11 14:15:00+00:00,31,Elche,Valencia,1.0,0.0,HOME_TEAM,FINISHED,2025-2026
544512,2026-04-11 16:30:00+00:00,31,Barça,Espanyol,4.0,1.0,HOME_TEAM,FINISHED,2025-2026
544517,2026-04-11 19:00:00+00:00,31,Sevilla FC,Atleti,2.0,1.0,HOME_TEAM,FINISHED,2025-2026
544518,2026-04-12 12:00:00+00:00,31,Osasuna,Real Betis,1.0,1.0,DRAW,FINISHED,2025-2026
544515,2026-04-12 14:15:00+00:00,31,Mallorca,Rayo Vallecano,3.0,0.0,HOME_TEAM,FINISHED,2025-2026
544513,2026-04-12 16:30:00+00:00,31,Celta,Real Oviedo,0.0,3.0,AWAY_TEAM,FINISHED,2025-2026
544511,2026-04-12 19:00:00+00:00,31,Athletic,Villarreal,1.0,2.0,AWAY_TEAM,FINISHED,2025-2026
544519,2026-04-13 19:00:00+00:00,31,Levante,Getafe,1.0,0.0,HOME_TEAM,FINISHED,2025-2026
544531,2026-04-21 17:00:00+00:00,33,Athletic,Osasuna,1.0,0.0,HOME_TEAM,FINISHED,2025-2026
544534,2026-04-21 17:00:00+00:00,33,Mallorca,Valencia,1.0,1.0,DRAW,FINISHED,2025-2026
544536,2026-04-21 19:30:00+00:00,33,Real Madrid,Alavés,2.0,1.0,HOME_TEAM,FINISHED,2025-2026
544538,2026-04-21 19:30:00+00:00,33,Girona,Real Betis,2.0,3.0,AWAY_TEAM,FINISHED,2025-2026
544537,2026-04-22 17:00:00+00:00,33,Elche,Atleti,3.0,2.0,HOME_TEAM,FINISHED,2025-2026
544540,2026-04-22 18:00:00+00:00,33,Real Sociedad,Getafe,0.0,1.0,AWAY_TEAM,FINISHED,2025-2026
544532,2026-04-22 19:30:00+00:00,33,Barça,Celta,1.0,0.0,HOME_TEAM,FINISHED,2025-2026
544533,2026-04-23 17:00:00+00:00,33,Levante,Sevilla FC,2.0,0.0,HOME_TEAM,FINISHED,2025-2026
544539,2026-04-23 18:00:00+00:00,33,Rayo Vallecano,Espanyol,1.0,0.0,HOME_TEAM,FINISHED,2025-2026
544535,2026-04-23 19:30:00+00:00,33,Real Oviedo,Villarreal,1.0,1.0,DRAW,FINISHED,2025-2026
544522,2026-04-24 19:00:00+00:00,32,Real Betis,Real Madrid,1.0,1.0,DRAW,FINISHED,2025-2026
544521,2026-04-25 12:00:00+00:00,32,Alavés,Mallorca,2.0,1.0,HOME_TEAM,FINISHED,2025-2026
544527,2026-04-25 14:15:00+00:00,32,Getafe,Barça,0.0,2.0,AWAY_TEAM,FINISHED,2025-2026
544530,2026-04-25 16:30:00+00:00,32,Valencia,Girona,2.0,1.0,HOME_TEAM,FINISHED,2025-2026
544526,2026-04-25 19:00:00+00:00,32,Atleti,Athletic,3.0,2.0,HOME_TEAM,FINISHED,2025-2026
544525,2026-04-26 12:00:00+00:00,32,Rayo Vallecano,Real Sociedad,3.0,3.0,DRAW,FINISHED,2025-2026
544529,2026-04-26 14:15:00+00:00,32,Real Oviedo,Elche,1.0,2.0,AWAY_TEAM,FINISHED,2025-2026
544524,2026-04-26 16:30:00+00:00,32,Osasuna,Sevilla FC,2.0,1.0,HOME_TEAM,FINISHED,2025-2026
544528,2026-04-26 19:00:00+00:00,32,Villarreal,Celta,2.0,1.0,HOME_TEAM,FINISHED,2025-2026
544523,2026-04-27 19:00:00+00:00,32,Espanyol,Levante,0.0,0.0,DRAW,FINISHED,2025-2026
544546,2026-05-01 19:00:00+00:00,34,Girona,Mallorca,0.0,1.0,AWAY_TEAM,FINISHED,2025-2026
544549,2026-05-02 12:00:00+00:00,34,Villarreal,Levante,5.0,1.0,HOME_TEAM,FINISHED,2025-2026
544547,2026-05-02 14:15:00+00:00,34,Valencia,Atleti,0.0,2.0,AWAY_TEAM,FINISHED,2025-2026
544541,2026-05-02 16:30:00+00:00,34,Alavés,Athletic,2.0,4.0,AWAY_TEAM,FINISHED,2025-2026
544548,2026-05-02 19:00:00+00:00,34,Osasuna,Barça,1.0,2.0,AWAY_TEAM,FINISHED,2025-2026
544543,2026-05-03 12:00:00+00:00,34,Celta,Elche,3.0,1.0,HOME_TEAM,FINISHED,2025-2026
544545,2026-05-03 14:15:00+00:00,34,Getafe,Rayo Vallecano,0.0,2.0,AWAY_TEAM,FINISHED,2025-2026
544542,2026-05-03 16:30:00+00:00,34,Real Betis,Real Oviedo,3.0,0.0,HOME_TEAM,FINISHED,2025-2026
544544,2026-05-03 19:00:00+00:00,34,Espanyol,Real Madrid,0.0,2.0,AWAY_TEAM,FINISHED,2025-2026
544550,2026-05-04 19:00:00+00:00,34,Sevilla FC,Real Sociedad,1.0,0.0,HOME_TEAM,FINISHED,2025-2026
544554,2026-05-08 19:00:00+00:00,35,Levante,Osasuna,3.0,2.0,HOME_TEAM,FINISHED,2025-2026
544556,2026-05-09 12:00:00+00:00,35,Elche,Alavés,1.0,1.0,DRAW,FINISHED,2025-2026
544558,2026-05-09 14:15:00+00:00,35,Sevilla FC,Espanyol,2.0,1.0,HOME_TEAM,FINISHED,2025-2026
544552,2026-05-09 16:30:00+00:00,35,Atleti,Celta,0.0,1.0,AWAY_TEAM,FINISHED,2025-2026
544557,2026-05-09 19:00:00+00:00,35,Real Sociedad,Real Betis,2.0,2.0,DRAW,FINISHED,2025-2026
544555,2026-05-10 12:00:00+00:00,35,Mallorca,Villarreal,1.0,1.0,DRAW,FINISHED,2025-2026
544551,2026-05-10 14:15:00+00:00,35,Athletic,Valencia,0.0,1.0,AWAY_TEAM,FINISHED,2025-2026
544559,2026-05-10 16:30:00+00:00,35,Real Oviedo,Getafe,0.0,0.0,DRAW,FINISHED,2025-2026
544553,2026-05-10 19:00:00+00:00,35,Barça,Real Madrid,2.0,0.0,HOME_TEAM,FINISHED,2025-2026
544560,2026-05-11 19:00:00+00:00,35,Rayo Vallecano,Girona,1.0,1.0,DRAW,FINISHED,2025-2026
544563,2026-05-12 17:00:00+00:00,36,Celta,Levante,,,,TIMED,2025-2026
544562,2026-05-12 18:00:00+00:00,36,Real Betis,Elche,,,,TIMED,2025-2026
544567,2026-05-12 19:30:00+00:00,36,Osasuna,Atleti,,,,TIMED,2025-2026
544566,2026-05-13 17:00:00+00:00,36,Espanyol,Athletic,,,,TIMED,2025-2026
544569,2026-05-13 17:00:00+00:00,36,Villarreal,Sevilla FC,,,,TIMED,2025-2026
544561,2026-05-13 19:30:00+00:00,36,Alavés,Barça,,,,TIMED,2025-2026
544564,2026-05-13 19:30:00+00:00,36,Getafe,Mallorca,,,,TIMED,2025-2026
544568,2026-05-14 17:00:00+00:00,36,Valencia,Rayo Vallecano,,,,TIMED,2025-2026
544565,2026-05-14 18:00:00+00:00,36,Girona,Real Sociedad,,,,TIMED,2025-2026
544570,2026-05-14 19:30:00+00:00,36,Real Madrid,Real Oviedo,,,,TIMED,2025-2026
544571,2026-05-17 17:00:00+00:00,37,Athletic,Celta,,,,TIMED,2025-2026
544572,2026-05-17 17:00:00+00:00,37,Atleti,Girona,,,,TIMED,2025-2026
544573,2026-05-17 17:00:00+00:00,37,Barça,Real Betis,,,,TIMED,2025-2026
544574,2026-05-17 17:00:00+00:00,37,Elche,Getafe,,,,TIMED,2025-2026
544575,2026-05-17 17:00:00+00:00,37,Levante,Mallorca,,,,TIMED,2025-2026
544576,2026-05-17 17:00:00+00:00,37,Rayo Vallecano,Villarreal,,,,TIMED,2025-2026
544577,2026-05-17 17:00:00+00:00,37,Real Sociedad,Valencia,,,,TIMED,2025-2026
544578,2026-05-17 17:00:00+00:00,37,Real Oviedo,Alavés,,,,TIMED,2025-2026
544579,2026-05-17 17:00:00+00:00,37,Osasuna,Espanyol,,,,TIMED,2025-2026
544580,2026-05-17 17:00:00+00:00,37,Sevilla FC,Real Madrid,,,,TIMED,2025-2026
544581,2026-05-23 19:00:00+00:00,38,Alavés,Rayo Vallecano,,,,TIMED,2025-2026
544582,2026-05-23 19:00:00+00:00,38,Real Betis,Levante,,,,TIMED,2025-2026
544583,2026-05-23 19:00:00+00:00,38,Celta,Sevilla FC,,,,TIMED,2025-2026
544584,2026-05-23 19:00:00+00:00,38,Espanyol,Real Sociedad,,,,TIMED,2025-2026
544585,2026-05-23 19:00:00+00:00,38,Getafe,Osasuna,,,,TIMED,2025-2026
544586,2026-05-23 19:00:00+00:00,38,Mallorca,Real Oviedo,,,,TIMED,2025-2026
544587,2026-05-23 19:00:00+00:00,38,Real Madrid,Athletic,,,,TIMED,2025-2026
544589,2026-05-23 19:00:00+00:00,38,Valencia,Barça,,,,TIMED,2025-2026
544590,2026-05-23 19:00:00+00:00,38,Girona,Elche,,,,TIMED,2025-2026
544588,2026-05-24 00:00:00+00:00,38,Villarreal,Atleti,,,,SCHEDULED,2025-2026
